	title	page_length	last_touched	lastrevid	geneid	proteinID	wikilink	counts	pubcount	median_pub_year	max_pub_year	priority_score
25	MED20	257	2022-03-02T16:25:26Z	1062337417	9477	Q21118702	https://en.wikipedia.org/wiki/MED20	1	52	2013	2021	38.9290772651473
41	PDE9	343	2022-02-21T23:13:04Z	1014902176	5152	Q5864342	https://en.wikipedia.org/wiki/PDE9	1	44	2011	2021	29.170233236151603
60	LMTK3	378	2022-03-11T23:44:49Z	798575270	114783	Q21121585	https://en.wikipedia.org/wiki/LMTK3	1	35	2014	2021	26.467526455026455
61	ZNF830	379	2022-03-11T23:51:01Z	1050126584	91603	Q21130695	https://en.wikipedia.org/wiki/ZNF830	1	32	2015	2021	26.396652845834904
69	Secretogranin-1	382	2022-03-12T00:02:03Z	928203790	1114	Q63398	https://en.wikipedia.org/wiki/Secretogranin-1	1	75	2009	2021	26.204796185489904
68	Secretogranin-1	382	2022-03-12T00:02:03Z	928203790	1114	Q21139551	https://en.wikipedia.org/wiki/Secretogranin-1	1	75	2009	2021	26.204796185489904
75	MYEF2	385	2022-03-16T10:26:40Z	798862254	50804	Q21133479	https://en.wikipedia.org/wiki/MYEF2	1	60	2015	2021	25.995454545454546
101	KRT77	400	2022-03-13T19:52:18Z	959326709	374454	Q21118540	https://en.wikipedia.org/wiki/KRT77	1	33	2015	2021	25.011785714285715
102	KRT77	400	2022-03-13T19:52:18Z	959326709	374454	Q21132264	https://en.wikipedia.org/wiki/KRT77	1	33	2015	2021	25.011785714285715
111	FBXO38	411	2022-03-12T00:00:49Z	914202420	81545	Q21101346	https://en.wikipedia.org/wiki/FBXO38	1	37	2015	2021	24.34411452902329
124	DNAJA4	430	2022-03-11T23:51:24Z	798055150	55466	Q21117961	https://en.wikipedia.org/wiki/DNAJA4	1	35	2015	2021	23.26831395348837
131	EHD4	438	2022-03-11T23:07:38Z	997881434	30844	Q21110137	https://en.wikipedia.org/wiki/EHD4	1	59	2015	2021	22.85212165688193
146	NAA35	455	2022-03-11T23:35:41Z	808236776	60560	Q21123011	https://en.wikipedia.org/wiki/NAA35	1	33	2017	2021	21.989807692307693
157	ZFR	474	2022-03-11T23:35:20Z	1001706157	51663	Q21207993	https://en.wikipedia.org/wiki/ZFR	1	105	2018	2022	21.13454641350211
159	ZNF207	477	2022-03-11T23:33:09Z	1001805302	7756	Q21138704	https://en.wikipedia.org/wiki/ZNF207	1	57	2015	2021	20.98471772985924
158	ZNF207	477	2022-03-11T23:33:09Z	1001805302	7756	Q21136839	https://en.wikipedia.org/wiki/ZNF207	1	57	2015	2021	20.98471772985924
163	NOA1	492	2022-03-11T23:32:57Z	1052672637	84273	Q21123063	https://en.wikipedia.org/wiki/NOA1	1	39	2015	2021	20.33913182346109
170	ASCC1	501	2022-03-12T00:02:22Z	1040008433	51008	Q21201654	https://en.wikipedia.org/wiki/ASCC1	1	48	2017	2021	19.97722269746222
174	ARL15	506	2022-03-11T23:34:17Z	808180415	54622	Q21097466	https://en.wikipedia.org/wiki/ARL15	1	33	2014	2021	19.774631564088086
182	HJURP	526	2022-03-11T23:35:02Z	1001743349	55355	Q21154959	https://en.wikipedia.org/wiki/HJURP	1	67	2015	2021	19.035335415535034
184	RBMS3	527	2022-03-11T23:58:49Z	898194849	27303	Q21125040	https://en.wikipedia.org/wiki/RBMS3	1	36	2014	2021	18.98818921116834
186	CLUH	529	2022-03-11T23:34:38Z	808192148	23277	Q21111944	https://en.wikipedia.org/wiki/CLUH	1	39	2016	2021	18.91752025384823
187	CLUH	529	2022-03-11T23:34:38Z	808192148	23277	Q21142469	https://en.wikipedia.org/wiki/CLUH	1	39	2016	2021	18.91752025384823
189	LACC1	546	2022-03-11T23:35:39Z	1076322912	144811	Q21107906	https://en.wikipedia.org/wiki/LACC1	1	38	2015	2021	18.328589743589742
191	SLC15A4	553	2022-03-11T23:35:38Z	1002390789	121260	Q21124422	https://en.wikipedia.org/wiki/SLC15A4	1	33	2014	2021	18.09496835443038
192	SLC15A4	553	2022-03-11T23:35:38Z	1002390789	121260	Q21150447	https://en.wikipedia.org/wiki/SLC15A4	1	33	2014	2021	18.09496835443038
194	MMTP2	560	2022-03-11T23:34:15Z	1003874057	79169	Q21481844	https://en.wikipedia.org/wiki/MMTP2	1	75	2018	2021	17.883928571428573
197	FAM105B	566	2022-03-11T23:32:57Z	1049974935	90268	Q21112127	https://en.wikipedia.org/wiki/FAM105B	1	56	2016	2021	17.6878445229682
203	Syndetin	567	2022-03-11T23:16:41Z	845120067	55610	Q21483184	https://en.wikipedia.org/wiki/Syndetin	1	36	2015	2021	17.649541446208115
202	Syndetin	567	2022-03-11T23:16:41Z	845120067	55610	Q21138279	https://en.wikipedia.org/wiki/Syndetin	1	36	2015	2021	17.649541446208115
205	GRINA	581	2022-03-11T23:35:38Z	993494375	2907	Q21113588	https://en.wikipedia.org/wiki/GRINA	1	51	2005	2021	17.229918244406196
214	ARMC5	609	2022-03-11T23:33:01Z	1031406818	79798	Q21139847	https://en.wikipedia.org/wiki/ARMC5	1	42	2017	2021	16.435361247947455
213	ARMC5	609	2022-03-11T23:33:01Z	1031406818	79798	Q21116725	https://en.wikipedia.org/wiki/ARMC5	1	42	2017	2021	16.435361247947455
220	UBL7	629	2022-03-11T23:35:39Z	929091598	84993	Q21116571	https://en.wikipedia.org/wiki/UBL7	1	33	2014	2021	15.910036906654554
221	UBL7	629	2022-03-11T23:35:39Z	929091598	84993	Q21138691	https://en.wikipedia.org/wiki/UBL7	1	33	2014	2021	15.910036906654554
225	ETM1	639	2022-03-13T19:39:44Z	1053938494	1814	Q21110872	https://en.wikipedia.org/wiki/ETM1	1	413	2009	2021	15.79695226917058
230	Bank1	643	2022-03-11T23:37:51Z	1075478477	55024	Q21132760	https://en.wikipedia.org/wiki/Bank1	1	61	2012	2021	15.573885247722728
232	Pleckstrin	647	2022-03-14T02:48:07Z	1070560100	5341	Q22679878	https://en.wikipedia.org/wiki/Pleckstrin	1	49	2008	2021	15.47345054095827
233	KCMF1	654	2022-03-11T23:47:54Z	995710023	56888	Q21119222	https://en.wikipedia.org/wiki/KCMF1	1	43	2015	2022	15.305877020532984
234	KCMF1	654	2022-03-11T23:47:54Z	995710023	56888	Q21139572	https://en.wikipedia.org/wiki/KCMF1	1	43	2015	2022	15.305877020532984
238	RPL26L1	655	2022-03-12T00:03:37Z	951163811	51121	Q21138851	https://en.wikipedia.org/wiki/RPL26L1	1	61	2016	2022	15.288961286804799
237	RPL26L1	655	2022-03-12T00:03:37Z	951163811	51121	Q21134214	https://en.wikipedia.org/wiki/RPL26L1	1	61	2016	2022	15.288961286804799
239	GBP5	656	2022-03-11T23:33:41Z	1060644649	115362	Q21114594	https://en.wikipedia.org/wiki/GBP5	1	34	2015	2022	15.256045296167247
240	USP19	659	2022-03-11T23:46:28Z	905375640	10869	Q21126693	https://en.wikipedia.org/wiki/USP19	1	62	2017	2021	15.196649685670929
247	TMEM109	690	2022-03-11T23:47:50Z	995378223	79073	Q21134423	https://en.wikipedia.org/wiki/TMEM109	1	48	2017	2021	14.509896480331264
248	OPN1MW2	692	2022-03-13T19:52:18Z	968994018	2652	Q23301892	https://en.wikipedia.org/wiki/OPN1MW2	1	38	2010	2021	14.464438480594549
256	LAPTM4A	698	2022-03-11T23:51:50Z	1014643518	9741	Q21119277	https://en.wikipedia.org/wiki/LAPTM4A	1	33	2012	2021	14.338433278755629
263	MB21D1	705	2022-03-11T23:46:19Z	978136764	115004	Q22676633	https://en.wikipedia.org/wiki/MB21D1	1	200	2019	2022	14.255825734549138
262	DEPDC1	704	2022-03-11T23:35:38Z	1003874024	55635	Q21140702	https://en.wikipedia.org/wiki/DEPDC1	1	40	2017	2021	14.21883116883117
261	DEPDC1	704	2022-03-11T23:35:38Z	1003874024	55635	Q21102540	https://en.wikipedia.org/wiki/DEPDC1	1	40	2017	2021	14.21883116883117
268	INTS1	712	2022-03-11T23:47:40Z	798276936	26173	Q21204219	https://en.wikipedia.org/wiki/INTS1	1	53	2017	2021	14.06387239165329
269	EFHD2	713	2022-03-11T23:47:56Z	1003722884	79180	Q21114366	https://en.wikipedia.org/wiki/EFHD2	1	69	2017	2021	14.049888298938088
272	PAN3	716	2022-03-11T23:48:44Z	995372174	255967	Q21126791	https://en.wikipedia.org/wiki/PAN3	1	38	2014	2022	13.980051875498802
276	AKIP1	724	2022-03-11T23:34:41Z	870746283	56672	Q21108190	https://en.wikipedia.org/wiki/AKIP1	1	49	2015	2021	13.829654696132597
280	STOX1	744	2022-03-11T23:34:23Z	861095676	219736	Q21114664	https://en.wikipedia.org/wiki/STOX1	1	37	2011	2021	13.45407450076805
284	YTHDF1	755	2022-03-11T23:36:01Z	1002844030	54915	Q21136798	https://en.wikipedia.org/wiki/YTHDF1	1	87	2018	2022	13.27610454115421
285	RAI1	757	2022-03-13T19:39:27Z	955404378	10743	Q21174723	https://en.wikipedia.org/wiki/RAI1	1	72	2013	2021	13.235753915833175
286	CNOT11	760	2022-03-12T00:03:37Z	995704779	55571	Q21109877	https://en.wikipedia.org/wiki/CNOT11	1	45	2017	2022	13.173966165413534
287	G0S2	760	2022-03-11T23:46:51Z	1049195368	50486	Q21115927	https://en.wikipedia.org/wiki/G0S2	1	39	2013	2021	13.171823308270676
292	CNOT10	764	2022-03-12T00:03:37Z	995729134	25904	Q21150246	https://en.wikipedia.org/wiki/CNOT10	1	57	2015	2022	13.109362378459238
291	CNOT10	764	2022-03-12T00:03:37Z	995729134	25904	Q21109873	https://en.wikipedia.org/wiki/CNOT10	1	57	2015	2022	13.109362378459238
294	MLLT6	768	2022-03-11T23:57:21Z	1075476643	4302	Q21116356	https://en.wikipedia.org/wiki/MLLT6	1	35	2011	2022	13.033333333333333
293	MLLT6	768	2022-03-11T23:57:21Z	1075476643	4302	Q21114109	https://en.wikipedia.org/wiki/MLLT6	1	35	2011	2022	13.033333333333333
299	FOXQ1	793	2022-03-11T23:46:45Z	1027226708	94234	Q21115913	https://en.wikipedia.org/wiki/FOXQ1	1	70	2015	2022	12.635340479192939
307	ZYG11B	822	2022-03-11T23:36:30Z	822591028	79699	Q21124804	https://en.wikipedia.org/wiki/ZYG11B	1	31	2016	2021	12.17652155022593
313	EHHADH	834	2022-03-13T20:02:55Z	848994925	1962	Q21096438	https://en.wikipedia.org/wiki/EHHADH	1	42	2014	2021	12.005407673860912
315	CPLANE1	835	2022-03-11T23:29:23Z	994776043	65250	Q21143599	https://en.wikipedia.org/wiki/CPLANE1	1	32	2015	2021	11.987476475620188
314	CPLANE1	835	2022-03-11T23:29:23Z	994776043	65250	Q21117172	https://en.wikipedia.org/wiki/CPLANE1	1	32	2015	2021	11.987476475620188
316	MPHOSPH6	842	2022-03-11T23:05:17Z	980069403	10200	Q21132813	https://en.wikipedia.org/wiki/MPHOSPH6	1	42	2014	2021	11.891484560570072
317	RHOXF2	847	2022-03-11T23:34:59Z	858246738	84528	Q21116419	https://en.wikipedia.org/wiki/RHOXF2	1	34	2012	2020	11.818518299881935
318	PIP4K2C	850	2022-03-11T23:35:12Z	936969187	79837	Q21119722	https://en.wikipedia.org/wiki/PIP4K2C	1	55	2015	2021	11.7843487394958
321	Dock4-Ex49	860	2022-03-11T23:10:52Z	995351747	9732	Q5287186	https://en.wikipedia.org/wiki/Dock4-Ex49	1	65	2012	2021	11.65112126245847
322	AK3	863	2022-03-11T23:51:24Z	905333026	50808	Q21111591	https://en.wikipedia.org/wiki/AK3	1	35	2012	2021	11.599985515643105
324	PSMA8	867	2022-03-11T23:45:00Z	1062530525	143471	Q21124971	https://en.wikipedia.org/wiki/PSMA8	1	33	2015	2021	11.545811089141539
325	GUF1	867	2022-03-11T23:48:24Z	1050503830	60558	Q21119038	https://en.wikipedia.org/wiki/GUF1	1	31	2017	2021	11.545096803427253
326	FAM123B	869	2022-03-13T19:48:37Z	928678416	139285	Q21245850	https://en.wikipedia.org/wiki/FAM123B	1	74	2012	2021	11.533908433338812
329	EPB41L5	885	2022-03-11T23:30:27Z	995256092	57669	Q21110068	https://en.wikipedia.org/wiki/EPB41L5	1	46	2017	2021	11.31586359967716
330	ZP1	888	2022-03-11T23:38:50Z	776156970	22917	Q21136659	https://en.wikipedia.org/wiki/ZP1	1	31	2012	2021	11.27233268983269
347	CDAN1	914	2022-03-11T23:34:22Z	808182669	146059	Q21148826	https://en.wikipedia.org/wiki/CDAN1	1	32	2012	2021	10.952347608627695
346	CDAN1	914	2022-03-11T23:34:22Z	808182669	146059	Q21100612	https://en.wikipedia.org/wiki/CDAN1	1	32	2012	2021	10.952347608627695
351	METTL16	924	2022-03-11T23:54:09Z	1050126703	79066	Q21119433	https://en.wikipedia.org/wiki/METTL16	1	47	2018	2022	10.839296536796537
356	SAR1A	932	2022-03-11T22:37:26Z	1056613206	56681	Q21127132	https://en.wikipedia.org/wiki/SAR1A	1	84	2015	2021	10.759613733905578
357	RPS6KA6	936	2022-03-11T23:33:36Z	826546865	27330	Q21119261	https://en.wikipedia.org/wiki/RPS6KA6	1	48	2012	2021	10.700903540903541
371	RPS27L	968	2022-03-12T00:03:37Z	1048272849	51065	Q21130842	https://en.wikipedia.org/wiki/RPS27L	1	71	2018	2021	10.355935655253838
379	EIF3CL	987	2022-03-12T00:03:37Z	951162473	728689	Q21113258	https://en.wikipedia.org/wiki/EIF3CL	1	49	2011	2021	10.149212259371835
380	KDM8	988	2022-03-11T23:47:02Z	995456350	79831	Q21114812	https://en.wikipedia.org/wiki/KDM8	1	42	2015	2021	10.136457489878543
381	RNF114	994	2022-03-12T00:05:45Z	982658973	55905	Q21127091	https://en.wikipedia.org/wiki/RNF114	1	60	2013	2021	10.081790744466801
382	RNF114	994	2022-03-12T00:05:45Z	982658973	55905	Q21138352	https://en.wikipedia.org/wiki/RNF114	1	60	2013	2021	10.081790744466801
387	ASXL3	1002	2022-03-11T23:37:28Z	995370290	80816	Q21097548	https://en.wikipedia.org/wiki/ASXL3	1	39	2016	2021	9.993968491588253
388	ASXL3	1002	2022-03-11T23:37:28Z	995370290	80816	Q21140513	https://en.wikipedia.org/wiki/ASXL3	1	39	2016	2021	9.993968491588253
391	CAMK1D	1017	2022-03-11T23:35:17Z	929091357	57118	Q21113540	https://en.wikipedia.org/wiki/CAMK1D	1	70	2010	2021	9.85784169124877
393	CDC26	1018	2022-03-11T23:57:19Z	1075476816	246184	Q21141020	https://en.wikipedia.org/wiki/CDC26	1	60	2013	2022	9.844611282627001
392	CDC26	1018	2022-03-11T23:57:19Z	1075476816	246184	Q21100613	https://en.wikipedia.org/wiki/CDC26	1	60	2013	2022	9.844611282627001
394	RIOX1	1026	2022-03-11T23:47:02Z	995413010	79697	Q21484272	https://en.wikipedia.org/wiki/RIOX1	1	38	2015	2021	9.760160122528543
396	ZC3H12A	1035	2022-03-11T23:32:50Z	951640085	80149	Q21108146	https://en.wikipedia.org/wiki/ZC3H12A	1	108	2017	2021	9.700407177363699
395	PTPMT1	1034	2022-03-11T23:49:51Z	1062910950	114971	Q21118549	https://en.wikipedia.org/wiki/PTPMT1	1	47	2016	2021	9.687965598231555
401	CSF2RB	1043	2022-03-19T20:55:01Z	992043193	1439	Q5014088	https://en.wikipedia.org/wiki/CSF2RB	1	106	2003	2022	9.625584851390222
402	TMPRSS4	1043	2022-03-11T23:32:42Z	1076322155	56649	Q21119219	https://en.wikipedia.org/wiki/TMPRSS4	1	62	2014	2022	9.609870565675935
403	Oct-2	1048	2022-03-13T19:37:33Z	1074066548	5452	Q21134886	https://en.wikipedia.org/wiki/Oct-2	1	69	2005	2021	9.566627589967284
404	NEIL3	1048	2022-03-11T23:33:10Z	808150456	55247	Q21124832	https://en.wikipedia.org/wiki/NEIL3	1	42	2014	2021	9.556984732824429
406	SFSWAP	1050	2022-03-11T23:34:56Z	906348699	6433	Q21150437	https://en.wikipedia.org/wiki/SFSWAP	1	38	2016	2021	9.537380952380952
405	SFSWAP	1050	2022-03-11T23:34:56Z	906348699	6433	Q21133585	https://en.wikipedia.org/wiki/SFSWAP	1	38	2016	2021	9.537380952380952
413	CLTB	1061	2022-03-11T23:35:15Z	900181280	1212	Q21100809	https://en.wikipedia.org/wiki/CLTB	1	69	2011	2021	9.449713545173017
414	CLTB	1061	2022-03-11T23:35:15Z	900181280	1212	Q21137386	https://en.wikipedia.org/wiki/CLTB	1	69	2011	2021	9.449713545173017
423	ESCO1	1090	2022-03-11T23:44:41Z	977813802	114799	Q21110205	https://en.wikipedia.org/wiki/ESCO1	1	35	2015	2021	9.186811926605504
424	SOCS4	1091	2022-03-11T23:46:33Z	905047780	122809	Q21172876	https://en.wikipedia.org/wiki/SOCS4	1	33	2012	2021	9.177688555715596
427	GPX8	1095	2022-03-11T23:23:58Z	993563697	493869	Q21103294	https://en.wikipedia.org/wiki/GPX8	1	44	2017	2021	9.148134377038486
426	TRIM69	1095	2022-03-11T23:46:27Z	905325806	140691	Q21110457	https://en.wikipedia.org/wiki/TRIM69	1	34	2012	2021	9.144562948467058
430	ATP9A	1106	2022-03-11T23:48:49Z	993595185	10079	Q21116847	https://en.wikipedia.org/wiki/ATP9A	1	33	2015	2021	9.053377034358048
434	WDHD1	1109	2022-03-11T23:34:00Z	808585465	11169	Q21119207	https://en.wikipedia.org/wiki/WDHD1	1	76	2015	2022	9.04427540899137
435	NEFH	1115	2022-03-11T23:19:52Z	1073322295	4744	Q21120922	https://en.wikipedia.org/wiki/NEFH	1	89	2013	2022	9.000395579756566
442	CNNM2	1128	2022-03-11T23:34:03Z	931817847	54805	Q21109872	https://en.wikipedia.org/wiki/CNNM2	1	53	2013	2021	8.884176798378926
443	HOGA1	1128	2022-03-11T23:24:31Z	1055498694	112817	Q21118328	https://en.wikipedia.org/wiki/HOGA1	1	31	2013	2022	8.876319655521783
447	LPCAT1	1134	2022-03-11T23:32:42Z	950616917	79888	Q21158591	https://en.wikipedia.org/wiki/LPCAT1	1	90	2017	2022	8.850485008818342
450	PGAM5	1137	2022-03-13T20:34:26Z	905094813	192111	Q21121880	https://en.wikipedia.org/wiki/PGAM5	1	148	2017	2022	8.847931900992586
448	DKK4	1134	2022-03-12T00:05:26Z	1061448517	27121	Q21112250	https://en.wikipedia.org/wiki/DKK4	1	39	2012	2021	8.832270723104058
451	GSDMB	1138	2022-03-11T23:48:20Z	994828404	55876	Q21119015	https://en.wikipedia.org/wiki/GSDMB	1	75	2012	2022	8.814131935726838
459	CLEC4C	1157	2022-03-19T20:55:01Z	721557521	170482	Q21114185	https://en.wikipedia.org/wiki/CLEC4C	1	34	2011	2021	8.655185208050376
465	PGRMC2	1177	2022-03-11T23:51:39Z	994759365	10424	Q21125813	https://en.wikipedia.org/wiki/PGRMC2	1	72	2016	2021	8.52189100619007
464	HECTD4	1176	2022-03-11T23:49:00Z	995324191	283450	Q21118272	https://en.wikipedia.org/wiki/HECTD4	1	34	2015	2021	8.515544217687074
467	DIS3L2	1178	2022-03-11T23:34:12Z	937518824	129563	Q21115780	https://en.wikipedia.org/wiki/DIS3L2	1	47	2015	2021	8.505750060635458
473	TTC28	1198	2022-03-11T23:39:15Z	1045682307	23331	Q21123516	https://en.wikipedia.org/wiki/TTC28	1	41	2015	2021	8.361888266157882
478	GNPTG	1212	2022-03-11T23:35:16Z	824064805	84572	Q21138265	https://en.wikipedia.org/wiki/GNPTG	1	43	2012	2021	8.266182225365394
477	GNPTG	1212	2022-03-11T23:35:16Z	824064805	84572	Q21130428	https://en.wikipedia.org/wiki/GNPTG	1	43	2012	2021	8.266182225365394
479	MED18	1216	2022-03-11T23:54:18Z	950744399	54797	Q21118336	https://en.wikipedia.org/wiki/MED18	1	39	2014	2021	8.237612781954887
480	MED11	1217	2022-03-11T23:54:18Z	951501059	400569	Q21118725	https://en.wikipedia.org/wiki/MED11	1	33	2014	2021	8.228712583636577
481	GNA14	1218	2022-03-12T00:00:25Z	993089401	9630	Q21117521	https://en.wikipedia.org/wiki/GNA14	1	50	2011	2021	8.22803776683087
487	MED10	1247	2022-03-11T23:54:18Z	1031752137	84246	Q21118720	https://en.wikipedia.org/wiki/MED10	1	48	2013	2022	8.036389048000917
492	PTBP2	1253	2022-03-11T23:18:49Z	995430693	58155	Q21135200	https://en.wikipedia.org/wiki/PTBP2	1	61	2012	2021	8.0026316839585
499	ROCK2	1276	2022-03-11T23:47:10Z	1050894068	9475	Q21151747	https://en.wikipedia.org/wiki/ROCK2	1	258	2015	2022	7.929133452754142
498	ROCK2	1276	2022-03-11T23:47:10Z	1050894068	9475	Q21127094	https://en.wikipedia.org/wiki/ROCK2	1	258	2015	2022	7.929133452754142
497	H1F0	1276	2022-03-13T19:49:56Z	995435644	3005	Q21108707	https://en.wikipedia.org/wiki/H1F0	1	132	2015	2021	7.884133452754142
502	LANCL1	1284	2022-03-11T23:47:09Z	995717721	10314	Q21105893	https://en.wikipedia.org/wiki/LANCL1	1	58	2017	2021	7.808876279483757
504	DCAF8	1286	2022-03-11T23:56:43Z	1049195444	50717	Q21139905	https://en.wikipedia.org/wiki/DCAF8	1	61	2015	2022	7.797835481004221
505	DCAF8	1286	2022-03-11T23:56:43Z	1049195444	50717	Q21171789	https://en.wikipedia.org/wiki/DCAF8	1	61	2015	2022	7.797835481004221
546	GSTT1	1407	2022-03-11T23:04:01Z	994839059	2952	Q21148104	https://en.wikipedia.org/wiki/GSTT1	1	1862	2009	2022	7.772320540156361
545	GSTT1	1407	2022-03-11T23:04:01Z	994839059	2952	Q21133226	https://en.wikipedia.org/wiki/GSTT1	1	1862	2009	2022	7.772320540156361
509	PHF2	1290	2022-03-11T23:47:02Z	1025835752	5253	Q21122508	https://en.wikipedia.org/wiki/PHF2	1	53	2016	2022	7.770866555924695
508	PPP2R2D	1290	2022-03-11T23:57:02Z	1043951777	55844	Q21140029	https://en.wikipedia.org/wiki/PPP2R2D	1	48	2015	2021	7.7690808416389805
507	PPP2R2D	1290	2022-03-11T23:57:02Z	1043951777	55844	Q21132718	https://en.wikipedia.org/wiki/PPP2R2D	1	48	2015	2021	7.7690808416389805
511	GNA15	1293	2022-03-12T00:00:25Z	995849505	2769	Q21106180	https://en.wikipedia.org/wiki/GNA15	1	48	2003	2021	7.75109490664015
513	RASGRF1	1306	2022-03-11T23:34:33Z	808189445	5923	Q21122676	https://en.wikipedia.org/wiki/RASGRF1	1	61	2006	2020	7.6787535550207835
516	BRAT1	1322	2022-03-11T23:35:39Z	928524623	221927	Q21130709	https://en.wikipedia.org/wiki/BRAT1	1	49	2016	2021	7.581796520423601
518	MRPS9	1330	2022-03-11T23:54:22Z	1002194523	64965	Q21126971	https://en.wikipedia.org/wiki/MRPS9	1	87	2018	2022	7.549868421052632
519	MRPS9	1330	2022-03-11T23:54:22Z	1002194523	64965	Q21144855	https://en.wikipedia.org/wiki/MRPS9	1	87	2018	2022	7.549868421052632
526	IL17RD	1347	2022-03-11T23:47:07Z	1000867397	54756	Q21103400	https://en.wikipedia.org/wiki/IL17RD	1	50	2011	2021	7.441762116873476
527	ONECUT1	1352	2022-03-11T23:47:04Z	995336488	3175	Q21119118	https://en.wikipedia.org/wiki/ONECUT1	1	43	2008	2021	7.411806846999155
529	HSP90AA2	1359	2022-03-13T19:47:41Z	1032052553	3324	Q21118358	https://en.wikipedia.org/wiki/HSP90AA2	1	52	2013	2021	7.376923157784085
534	TIRAP	1371	2022-03-13T19:39:17Z	836205620	114609	Q21116674	https://en.wikipedia.org/wiki/TIRAP	1	148	2010	2022	7.346803167656559
530	ZBTB1	1368	2022-03-11T23:34:45Z	861105042	22890	Q21150226	https://en.wikipedia.org/wiki/ZBTB1	1	35	2015	2022	7.322441520467836
531	ZBTB1	1368	2022-03-11T23:34:45Z	861105042	22890	Q21170892	https://en.wikipedia.org/wiki/ZBTB1	1	35	2015	2022	7.322441520467836
536	RPL36AL	1375	2022-03-12T00:03:37Z	1024453309	6166	Q21133455	https://en.wikipedia.org/wiki/RPL36AL	1	55	2017	2022	7.29237012987013
539	APOA1BP	1381	2022-03-11T23:16:27Z	995422180	128240	Q22677715	https://en.wikipedia.org/wiki/APOA1BP	1	37	2015	2021	7.254343901934416
540	CCL14	1397	2022-03-13T19:36:18Z	723122945	6358	Q21113943	https://en.wikipedia.org/wiki/CCL14	1	41	2009	2021	7.172838991716945
549	PITPNB	1415	2022-03-11T23:05:32Z	994893654	23760	Q21124287	https://en.wikipedia.org/wiki/PITPNB	1	35	2011	2021	7.079637809187279
552	KCTD9	1432	2022-03-11T23:54:59Z	1068670611	54793	Q21106485	https://en.wikipedia.org/wiki/KCTD9	1	31	2016	2021	6.994311652035115
554	KRT75	1444	2022-03-13T19:52:18Z	1017709019	9119	Q21118505	https://en.wikipedia.org/wiki/KRT75	1	31	2013	2021	6.936279184804115
559	MRPS2	1454	2022-03-11T23:54:22Z	1002176633	51116	Q21135936	https://en.wikipedia.org/wiki/MRPS2	1	68	2017	2022	6.901864806445274
562	EVA1A	1464	2022-03-11T23:38:42Z	982948790	84141	Q21142271	https://en.wikipedia.org/wiki/EVA1A	1	31	2013	2021	6.841672521467603
561	EVA1A	1464	2022-03-11T23:38:42Z	982948790	84141	Q21118111	https://en.wikipedia.org/wiki/EVA1A	1	31	2013	2021	6.841672521467603
563	LEFTY2	1465	2022-03-11T23:47:09Z	1003715367	7044	Q21137095	https://en.wikipedia.org/wiki/LEFTY2	1	37	2010	2021	6.839152852267187
566	SAMD4B	1468	2022-03-12T00:03:37Z	995716632	55095	Q21148720	https://en.wikipedia.org/wiki/SAMD4B	1	37	2013	2021	6.825203386531724
565	SAMD4B	1468	2022-03-12T00:03:37Z	995716632	55095	Q21122817	https://en.wikipedia.org/wiki/SAMD4B	1	37	2013	2021	6.825203386531724
571	Collectin-10	1485	2022-03-11T23:00:12Z	1048000831	10584	Q21106859	https://en.wikipedia.org/wiki/Collectin-10	1	33	2015	2021	6.745792448292448
576	CRACR2A	1500	2022-03-11T23:50:05Z	995783993	84766	Q21116422	https://en.wikipedia.org/wiki/CRACR2A	1	31	2014	2021	6.677738095238095
577	NME1-NME2	1501	2022-03-11T23:05:01Z	1043636756	654364	Q22676635	https://en.wikipedia.org/wiki/NME1-NME2	1	33	2012	2021	6.674010897496906
586	FOXF2	1550	2022-03-12T00:08:13Z	1027229004	2295	Q21108594	https://en.wikipedia.org/wiki/FOXF2	1	50	2016	2021	6.469470046082949
590	KDM3A	1557	2022-03-11T23:47:01Z	1067798656	55818	Q21147189	https://en.wikipedia.org/wiki/KDM3A	1	104	2016	2021	6.4597504358198
589	KDM3A	1557	2022-03-11T23:47:01Z	1067798656	55818	Q21114823	https://en.wikipedia.org/wiki/KDM3A	1	104	2016	2021	6.4597504358198
592	Map44	1559	2022-03-13T20:04:57Z	951747020	5648	Q14905310	https://en.wikipedia.org/wiki/Map44	1	115	2012	2021	6.4554396133052325
599	PCID2	1598	2022-03-11T23:53:40Z	997843962	55795	Q21120644	https://en.wikipedia.org/wiki/PCID2	1	75	2015	2021	6.284607992133023
662	DEFA1B	1620	2022-03-11T23:22:36Z	1040768886	728358	Q21101058	https://en.wikipedia.org/wiki/DEFA1B	1	39	2005	2021	6.1867680776014105
670	TXNRD1	1640	2022-03-11T23:06:10Z	997217660	7296	Q21150742	https://en.wikipedia.org/wiki/TXNRD1	1	180	2013	2022	6.16184668989547
669	TXNRD1	1640	2022-03-11T23:06:10Z	997217660	7296	Q21106751	https://en.wikipedia.org/wiki/TXNRD1	1	180	2013	2022	6.16184668989547
665	STAC3	1630	2022-03-12T00:03:36Z	995190906	246329	Q21105429	https://en.wikipedia.org/wiki/STAC3	1	32	2015	2021	6.146397896581946
666	STAC3	1630	2022-03-12T00:03:36Z	995190906	246329	Q21137115	https://en.wikipedia.org/wiki/STAC3	1	32	2015	2021	6.146397896581946
673	AKR1C2	1644	2022-03-11T23:59:04Z	1075475384	1646	Q21105063	https://en.wikipedia.org/wiki/AKR1C2	1	82	2009	2021	6.112010775112965
678	SLC41A1	1663	2022-03-11T23:34:59Z	1029817977	254428	Q21135966	https://en.wikipedia.org/wiki/SLC41A1	1	31	2013	2022	6.024300532600292
701	ATP2A2	1698	2022-03-13T19:40:12Z	1074081797	488	Q21115319	https://en.wikipedia.org/wiki/ATP2A2	1	338	2014	2022	6.009995793370352
695	YTHDC2	1688	2022-03-11T23:37:46Z	1046178826	64848	Q21118457	https://en.wikipedia.org/wiki/YTHDC2	1	93	2018	2022	5.95738490182803
696	CCL25	1688	2022-03-13T19:36:14Z	723123469	6370	Q21113920	https://en.wikipedia.org/wiki/CCL25	1	53	2011	2021	5.943099187542316
698	KSR2	1692	2022-03-11T23:38:06Z	917415954	283455	Q21173772	https://en.wikipedia.org/wiki/KSR2	1	35	2012	2021	5.92266548463357
705	OXA1L	1711	2022-03-18T00:33:20Z	1048222192	5018	Q21122444	https://en.wikipedia.org/wiki/OXA1L	1	48	2016	2021	5.861678216581781
704	TMEM127	1711	2022-03-11T23:54:43Z	1071180460	55654	Q21134837	https://en.wikipedia.org/wiki/TMEM127	1	32	2011	2021	5.855963930867496
711	KMT2E	1726	2022-03-11T23:47:34Z	994877079	55904	Q21103453	https://en.wikipedia.org/wiki/KMT2E	1	49	2013	2021	5.811242757821553
712	KMT2E	1726	2022-03-11T23:47:34Z	994877079	55904	Q21139571	https://en.wikipedia.org/wiki/KMT2E	1	49	2013	2021	5.811242757821553
710	LCA5	1725	2022-03-11T23:07:54Z	993342601	167691	Q21172655	https://en.wikipedia.org/wiki/LCA5	1	35	2011	2021	5.8096014492753625
713	TRIM38	1727	2022-03-16T10:34:00Z	1045675198	10475	Q21114635	https://en.wikipedia.org/wiki/TRIM38	1	37	2012	2021	5.803602241707337
715	CCL23	1729	2022-03-13T19:36:28Z	1037449167	6368	Q21113933	https://en.wikipedia.org/wiki/CCL23	1	52	2010	2022	5.802261422787739
727	ATP11C	1779	2022-03-11T23:39:06Z	1039406227	286410	Q21097536	https://en.wikipedia.org/wiki/ATP11C	1	41	2016	2022	5.635778326507669
728	ATP11C	1779	2022-03-11T23:39:06Z	1039406227	286410	Q21151212	https://en.wikipedia.org/wiki/ATP11C	1	41	2016	2022	5.635778326507669
774	CFLAR	1834	2022-03-11T23:04:11Z	1032129008	8837	Q18417540	https://en.wikipedia.org/wiki/CFLAR	1	384	2010	2021	5.589705561613958
775	CFLAR	1834	2022-03-11T23:04:11Z	1032129008	8837	Q21151736	https://en.wikipedia.org/wiki/CFLAR	1	384	2010	2021	5.589705561613958
737	KRT80	1794	2022-03-11T23:14:04Z	1042824052	144501	Q21113496	https://en.wikipedia.org/wiki/KRT80	1	33	2016	2021	5.585921723204332
771	CCL26	1828	2022-03-13T19:36:28Z	723123209	10344	Q21114000	https://en.wikipedia.org/wiki/CCL26	1	102	2010	2021	5.506888090028133
776	MYL12B	1838	2022-03-11T23:28:48Z	951331973	103910	Q22679931	https://en.wikipedia.org/wiki/MYL12B	1	65	2014	2021	5.463910694854655
781	METTL14	1854	2022-03-11T23:54:49Z	995274064	57721	Q21120849	https://en.wikipedia.org/wiki/METTL14	1	78	2020	2022	5.421600400678071
801	FXYD6	1867	2022-03-13T19:38:04Z	910922905	53826	Q21132190	https://en.wikipedia.org/wiki/FXYD6	1	32	2010	2021	5.367614966715127
822	HSD17B13	1907	2022-03-11T23:52:00Z	1041650407	345275	Q21117487	https://en.wikipedia.org/wiki/HSD17B13	1	40	2019	2021	5.25812420406023
835	SEPT10	1915	2022-03-11T23:40:23Z	1023441928	151011	Q21143546	https://en.wikipedia.org/wiki/SEPT10	1	35	2015	2021	5.234432114882507
834	SEPT10	1915	2022-03-11T23:40:23Z	1023441928	151011	Q21125170	https://en.wikipedia.org/wiki/SEPT10	1	35	2015	2021	5.234432114882507
833	SEPT10	1915	2022-03-11T23:40:23Z	1023441928	151011	Q21125161	https://en.wikipedia.org/wiki/SEPT10	1	35	2015	2021	5.234432114882507
838	ZNF408	1917	2022-03-11T23:38:18Z	1032321807	79797	Q21132601	https://en.wikipedia.org/wiki/ZNF408	1	33	2013	2021	5.228269804009241
841	HMGCS2	1921	2022-03-16T11:08:44Z	1077447546	3158	Q21118284	https://en.wikipedia.org/wiki/HMGCS2	1	52	2014	2021	5.224193500409013
865	NH41	1975	2022-03-02T16:40:05Z	1014902770	3164	Q21117793	https://en.wikipedia.org/wiki/NH41	1	276	2013	2022	5.161862567811935
864	NH41	1975	2022-03-02T16:40:05Z	1014902770	3164	Q12063746	https://en.wikipedia.org/wiki/NH41	1	276	2013	2022	5.161862567811935
866	NH41	1975	2022-03-02T16:40:05Z	1014902770	3164	Q21141330	https://en.wikipedia.org/wiki/NH41	1	276	2013	2022	5.161862567811935
857	STAG1	1959	2022-03-11T23:07:37Z	1074834934	10274	Q21124916	https://en.wikipedia.org/wiki/STAG1	1	77	2014	2021	5.1321452271567125
854	HMG20A	1958	2022-03-11T23:07:37Z	994766814	10363	Q21108136	https://en.wikipedia.org/wiki/HMG20A	1	67	2015	2022	5.131180869692106
856	CCL13	1959	2022-03-13T19:36:14Z	723123156	6357	Q21113975	https://en.wikipedia.org/wiki/CCL13	1	59	2007	2018	5.125716655728141
860	HAUS3	1965	2022-03-11T23:22:00Z	1041609089	79441	Q21108447	https://en.wikipedia.org/wiki/HAUS3	1	34	2015	2021	5.101201381315885
861	ARL8A	1966	2022-03-11T23:07:39Z	995130279	127829	Q21097452	https://en.wikipedia.org/wiki/ARL8A	1	36	2015	2021	5.099327132684203
880	Adenosylhomocysteinase	1995	2022-03-14T02:48:52Z	1053942610	191	Q21172649	https://en.wikipedia.org/wiki/Adenosylhomocysteinase	1	156	2014	2021	5.068245614035088
885	Golph3	1998	2022-03-11T23:38:52Z	1041519503	64083	Q21202979	https://en.wikipedia.org/wiki/Golph3	1	118	2015	2021	5.047147862147862
873	MTMR3	1991	2022-03-11T23:05:02Z	993213286	8897	Q21120080	https://en.wikipedia.org/wiki/MTMR3	1	67	2013	2021	5.046530279113153
874	MTMR3	1991	2022-03-11T23:05:02Z	993213286	8897	Q21151259	https://en.wikipedia.org/wiki/MTMR3	1	67	2013	2021	5.046530279113153
877	SCAPER	1993	2022-03-11T23:59:30Z	1034230905	49855	Q21151963	https://en.wikipedia.org/wiki/SCAPER	1	34	2017	2021	5.029704322270804
876	SCAPER	1993	2022-03-11T23:59:30Z	1034230905	49855	Q21135427	https://en.wikipedia.org/wiki/SCAPER	1	34	2017	2021	5.029704322270804
881	ARGLU1	1996	2022-03-11T23:29:44Z	1047868850	55082	Q21115297	https://en.wikipedia.org/wiki/ARGLU1	1	55	2017	2022	5.029662897223018
887	TRPM6	2000	2022-03-11T23:00:54Z	983082851	140803	Q14914570	https://en.wikipedia.org/wiki/TRPM6	1	64	2010	2022	5.022857142857143
893	TBX19	2003	2022-03-11T23:03:59Z	991957851	9095	Q7669570	https://en.wikipedia.org/wiki/TBX19	1	32	2007	2021	5.003939804578846
892	TBX19	2003	2022-03-11T23:03:59Z	991957851	9095	Q21144038	https://en.wikipedia.org/wiki/TBX19	1	32	2007	2021	5.003939804578846
904	JMJD1C	2034	2022-03-11T23:47:01Z	995342227	221037	Q21097280	https://en.wikipedia.org/wiki/JMJD1C	1	100	2015	2022	4.952135131338671
902	MCEF	2034	2022-03-14T01:59:19Z	1076994612	27125	Q21116432	https://en.wikipedia.org/wiki/MCEF	1	87	2014	2021	4.947492274195814
898	RFT1	2030	2022-03-11T23:24:18Z	1044555634	91869	Q21123830	https://en.wikipedia.org/wiki/RFT1	1	35	2015	2021	4.938608374384237
899	RFT1	2030	2022-03-11T23:24:18Z	1044555634	91869	Q21150935	https://en.wikipedia.org/wiki/RFT1	1	35	2015	2021	4.938608374384237
909	GAD2	2047	2022-03-11T23:06:10Z	1067063837	2572	Q21147970	https://en.wikipedia.org/wiki/GAD2	1	123	2009	2022	4.929126421941517
905	CACNA1I	2035	2022-03-11T23:13:05Z	1039564537	8911	Q21102152	https://en.wikipedia.org/wiki/CACNA1I	1	31	2012	2019	4.925076342576342
928	CCL15	2064	2022-03-13T19:36:18Z	831994800	6359	Q21113944	https://en.wikipedia.org/wiki/CCL15	1	60	2007	2021	4.866389811738649
930	C12orf43	2075	2022-03-11T23:07:39Z	1032119541	64897	Q21139829	https://en.wikipedia.org/wiki/C12orf43	1	32	2014	2021	4.830705679862307
931	C12orf43	2075	2022-03-11T23:07:39Z	1032119541	64897	Q5007390	https://en.wikipedia.org/wiki/C12orf43	1	32	2014	2021	4.830705679862307
944	PCDH11Y	2095	2022-03-11T23:19:37Z	1049510244	83259	Q21121855	https://en.wikipedia.org/wiki/PCDH11Y	1	35	2007	2019	4.78576968973747
961	WDR8	2115	2022-03-11T23:05:00Z	1056230735	49856	Q21111776	https://en.wikipedia.org/wiki/WDR8	1	33	2015	2021	4.739918101992569
970	Dimethylallyltranstransferase	2125	2022-03-13T19:38:59Z	992649524	2224	Q21107439	https://en.wikipedia.org/wiki/Dimethylallyltranstransferase	1	91	2012	2021	4.738382352941176
980	CNPY2	2136	2022-03-19T20:55:02Z	1045861419	10330	Q21108424	https://en.wikipedia.org/wiki/CNPY2	1	41	2017	2021	4.696290797217764
982	IL22RA2	2140	2022-03-13T19:41:40Z	1007985548	116379	Q21103404	https://en.wikipedia.org/wiki/IL22RA2	1	35	2010	2021	4.6853971962616825
994	NSD1	2157	2022-03-11T23:01:13Z	994469269	64324	Q21121755	https://en.wikipedia.org/wiki/NSD1	1	118	2013	2022	4.678211470958342
986	ARID3B	2147	2022-03-11T23:05:00Z	991836882	10620	Q21151959	https://en.wikipedia.org/wiki/ARID3B	1	54	2016	2022	4.676947568035132
985	ARID3B	2147	2022-03-11T23:05:00Z	991836882	10620	Q21101974	https://en.wikipedia.org/wiki/ARID3B	1	54	2016	2022	4.676947568035132
1005	CHAMP1	2171	2022-03-11T23:07:38Z	1040124549	283489	Q21132785	https://en.wikipedia.org/wiki/CHAMP1	1	68	2016	2021	4.630457985128643
1006	CHAMP1	2171	2022-03-11T23:07:38Z	1040124549	283489	Q21144241	https://en.wikipedia.org/wiki/CHAMP1	1	68	2016	2021	4.630457985128643
1000	ALDH1L2	2166	2022-03-11T23:16:11Z	1039386319	160428	Q21101845	https://en.wikipedia.org/wiki/ALDH1L2	1	33	2015	2021	4.6285908851075055
1002	STARD7	2169	2022-03-11T23:27:58Z	1048281053	56910	Q21148251	https://en.wikipedia.org/wiki/STARD7	1	32	2015	2021	4.6218481196074555
1001	STARD7	2169	2022-03-11T23:27:58Z	1048281053	56910	Q21135701	https://en.wikipedia.org/wiki/STARD7	1	32	2015	2021	4.6218481196074555
1018	ULK2	2182	2022-03-13T19:52:54Z	994872475	9706	Q21124698	https://en.wikipedia.org/wiki/ULK2	1	47	2015	2022	4.599737135000655
1023	ZNF593	2184	2022-03-11T23:05:00Z	1046196440	51042	Q21133269	https://en.wikipedia.org/wiki/ZNF593	1	34	2014	2021	4.5908974358974355
1030	RPL22L1	2202	2022-03-12T00:02:07Z	982965762	200916	Q21125081	https://en.wikipedia.org/wiki/RPL22L1	1	42	2017	2021	4.556326067211626
1052	HBG2	2238	2022-03-11T23:04:08Z	993895747	3048	Q21103344	https://en.wikipedia.org/wiki/HBG2	1	173	1993	2021	4.530060960040853
1044	NLE1	2224	2022-03-11T23:05:00Z	1043634824	54475	Q21123133	https://en.wikipedia.org/wiki/NLE1	1	33	2015	2021	4.508188591983555
1048	ZXDC	2230	2022-03-11T23:33:42Z	832011477	79364	Q21110514	https://en.wikipedia.org/wiki/ZXDC	1	32	2011	2021	4.495733504163997
1057	LGR4	2243	2022-03-11T23:04:30Z	1042912038	55366	Q21121566	https://en.wikipedia.org/wiki/LGR4	1	73	2016	2022	4.484386185593275
1058	LGR4	2243	2022-03-11T23:04:30Z	1042912038	55366	Q21149671	https://en.wikipedia.org/wiki/LGR4	1	73	2016	2022	4.484386185593275
1066	PHLDB2	2255	2022-03-11T23:05:46Z	1032254999	90102	Q21114535	https://en.wikipedia.org/wiki/PHLDB2	1	60	2014	2021	4.45601837187203
1068	MXD3	2258	2022-03-11T23:35:11Z	1043243168	83463	Q21149279	https://en.wikipedia.org/wiki/MXD3	1	35	2008	2021	4.441197962798937
1067	MXD3	2258	2022-03-11T23:35:11Z	1043243168	83463	Q21133456	https://en.wikipedia.org/wiki/MXD3	1	35	2008	2021	4.441197962798937
1072	DHRS7	2265	2022-03-11T23:39:02Z	1023365736	51635	Q21138454	https://en.wikipedia.org/wiki/DHRS7	1	39	2017	2021	4.428939608956165
1071	DHRS7	2265	2022-03-11T23:39:02Z	1023365736	51635	Q21112214	https://en.wikipedia.org/wiki/DHRS7	1	39	2017	2021	4.428939608956165
1076	RBM34	2275	2022-03-11T23:07:38Z	1032164750	23029	Q21125034	https://en.wikipedia.org/wiki/RBM34	1	72	2017	2022	4.421318681318682
1077	RBM34	2275	2022-03-11T23:07:38Z	1032164750	23029	Q21151848	https://en.wikipedia.org/wiki/RBM34	1	72	2017	2022	4.421318681318682
1079	NLRP6	2278	2022-03-11T23:22:32Z	997794672	171389	Q21124027	https://en.wikipedia.org/wiki/NLRP6	1	37	2017	2022	4.40302991345792
1082	PHF20	2291	2022-03-11T23:05:32Z	997280097	51230	Q21144396	https://en.wikipedia.org/wiki/PHF20	1	48	2012	2021	4.382049011660535
1083	PHF20	2291	2022-03-11T23:05:32Z	997280097	51230	Q21245839	https://en.wikipedia.org/wiki/PHF20	1	48	2012	2021	4.382049011660535
1086	RNMTL1	2295	2022-03-11T23:05:00Z	1044571895	55178	Q21103103	https://en.wikipedia.org/wiki/RNMTL1	1	63	2017	2021	4.379798474945534
1093	CYP3A7	2309	2022-03-20T21:51:42Z	983067107	1551	Q21117301	https://en.wikipedia.org/wiki/CYP3A7	1	116	2007	2022	4.372307739899772
1089	CD72	2299	2022-03-19T20:55:01Z	1048868083	971	Q21109692	https://en.wikipedia.org/wiki/CD72	1	37	2008	2021	4.362931554091841
1092	HMCES	2305	2022-03-11T23:55:48Z	1027284075	56941	Q21118298	https://en.wikipedia.org/wiki/HMCES	1	34	2014	2021	4.3505376510691045
1094	UGT1A8	2315	2022-03-11T23:21:36Z	1024794928	54576	Q21134249	https://en.wikipedia.org/wiki/UGT1A8	1	78	2009	2021	4.347511570502931
1106	FAM3B	2353	2022-03-11T23:07:38Z	1075839225	54097	Q21101259	https://en.wikipedia.org/wiki/FAM3B	1	34	2013	2021	4.262036609799041
1136	GZMB	2416	2022-03-11T23:04:10Z	1036674012	3002	Q22677246	https://en.wikipedia.org/wiki/GZMB	1	318	2010	2021	4.252644276253547
1111	TINP1	2374	2022-03-11T23:07:39Z	995812730	10412	Q21133728	https://en.wikipedia.org/wiki/TINP1	1	53	2016	2022	4.231228487182573
1118	CAP2	2390	2022-03-11T23:07:39Z	994497514	10486	Q21096409	https://en.wikipedia.org/wiki/CAP2	1	40	2015	2022	4.198386132695756
1130	TUBGCP4	2408	2022-03-11T23:31:00Z	800747881	27229	Q21148830	https://en.wikipedia.org/wiki/TUBGCP4	1	56	2014	2021	4.17282392026578
1129	TUBGCP4	2408	2022-03-11T23:31:00Z	800747881	27229	Q21110347	https://en.wikipedia.org/wiki/TUBGCP4	1	56	2014	2021	4.17282392026578
1132	IFT74	2412	2022-03-11T23:22:50Z	1032975663	80173	Q21119149	https://en.wikipedia.org/wiki/IFT74	1	51	2016	2021	4.164151267472163
1140	CXCL6	2431	2022-03-13T19:37:53Z	1051475695	6372	Q21113163	https://en.wikipedia.org/wiki/CXCL6	1	63	2009	2021	4.136033525298231
1144	DGKB	2440	2022-03-11T23:07:37Z	1040770440	1607	Q21102597	https://en.wikipedia.org/wiki/DGKB	1	36	2010	2018	4.111217798594847
1146	SUCNR1	2442	2022-03-11T23:04:30Z	1044841569	56670	Q21174011	https://en.wikipedia.org/wiki/SUCNR1	1	38	2016	2022	4.1085755235755235
1153	AEBP2	2453	2022-03-11T23:39:21Z	1064910801	121536	Q21104962	https://en.wikipedia.org/wiki/AEBP2	1	41	2014	2021	4.0912837050841535
1172	HBD	2477	2022-03-11T23:04:14Z	993313841	3045	Q21103339	https://en.wikipedia.org/wiki/HBD	1	143	1989	2021	4.088213132245228
1158	BCL9L	2460	2022-03-11T23:53:08Z	1032182096	283149	Q21113889	https://en.wikipedia.org/wiki/BCL9L	1	36	2014	2022	4.077897793263647
1159	FMNL3	2460	2022-03-11T23:23:49Z	1048078647	91010	Q21101463	https://en.wikipedia.org/wiki/FMNL3	1	32	2015	2022	4.076469221835076
1179	RAB35	2487	2022-03-11T23:07:37Z	1032265219	11021	Q21119450	https://en.wikipedia.org/wiki/RAB35	1	83	2015	2021	4.0505515825147915
1180	RAB35	2487	2022-03-11T23:07:37Z	1032265219	11021	Q21139152	https://en.wikipedia.org/wiki/RAB35	1	83	2015	2021	4.0505515825147915
1171	SOSTDC1	2477	2022-03-11T23:05:33Z	1056820366	25928	Q21124532	https://en.wikipedia.org/wiki/SOSTDC1	1	32	2011	2021	4.048570275102371
1174	RABGAP1	2479	2022-03-11T23:30:23Z	997178334	23637	Q21113340	https://en.wikipedia.org/wiki/RABGAP1	1	40	2013	2021	4.04817034518527
1183	DCP1B	2490	2022-03-11T23:07:37Z	1065391879	196513	Q21110032	https://en.wikipedia.org/wiki/DCP1B	1	49	2014	2022	4.033564257028113
1182	BCL6B	2488	2022-03-11T23:07:38Z	1039893055	255877	Q21113891	https://en.wikipedia.org/wiki/BCL6B	1	32	2014	2022	4.0307211759301795
1181	BCL6B	2488	2022-03-11T23:07:38Z	1039893055	255877	Q21113870	https://en.wikipedia.org/wiki/BCL6B	1	32	2014	2022	4.0307211759301795
1185	NUDCD2	2492	2022-03-11T23:07:39Z	1043645206	134492	Q21111404	https://en.wikipedia.org/wiki/NUDCD2	1	32	2014	2021	4.024269662921348
1188	SSBP3	2496	2022-03-11T23:07:38Z	1044834130	23648	Q21118110	https://en.wikipedia.org/wiki/SSBP3	1	41	2014	2022	4.021053113553114
1193	CCDC8	2507	2022-03-11T23:29:04Z	797985773	83987	Q21172207	https://en.wikipedia.org/wiki/CCDC8	1	41	2015	2022	4.003474129580033
1197	LGALS13	2520	2022-03-11T23:05:21Z	994326531	29124	Q21108757	https://en.wikipedia.org/wiki/LGALS13	1	48	2011	2021	3.9853968253968257
1213	CAB39L	2539	2022-03-11T23:07:39Z	1040084431	81617	Q21111897	https://en.wikipedia.org/wiki/CAB39L	1	32	2013	2021	3.9499870590221122
1217	MSTO1	2550	2022-03-11T23:05:21Z	1043236474	55154	Q21108087	https://en.wikipedia.org/wiki/MSTO1	1	39	2016	2021	3.9354971988795517
1225	CD70	2572	2022-03-19T20:55:01Z	1066752044	970	Q21131196	https://en.wikipedia.org/wiki/CD70	1	107	2010	2022	3.926239169073539
1229	TTC37	2577	2022-03-12T13:59:22Z	1076700575	9652	Q21121823	https://en.wikipedia.org/wiki/TTC37	1	49	2016	2021	3.897981179666279
1228	ISCA1	2576	2022-03-11T23:05:46Z	994719270	81689	Q21119171	https://en.wikipedia.org/wiki/ISCA1	1	33	2012	2021	3.893773291925466
1235	PHF12	2593	2022-03-11T23:07:39Z	1043928488	57649	Q21133811	https://en.wikipedia.org/wiki/PHF12	1	42	2012	2022	3.871536829926726
1236	PHF12	2593	2022-03-11T23:07:39Z	1043928488	57649	Q21147904	https://en.wikipedia.org/wiki/PHF12	1	42	2012	2022	3.871536829926726
1238	CCDC93	2596	2022-03-11T23:05:42Z	1040093241	54520	Q21141572	https://en.wikipedia.org/wiki/CCDC93	1	37	2015	2021	3.8652944089808496
1237	CCDC93	2596	2022-03-11T23:05:42Z	1040093241	54520	Q21113946	https://en.wikipedia.org/wiki/CCDC93	1	37	2015	2021	3.8652944089808496
1240	GPRC5B	2602	2022-03-11T23:04:38Z	1029155272	51704	Q21149869	https://en.wikipedia.org/wiki/GPRC5B	1	39	2013	2021	3.857126111782146
1239	GPRC5B	2602	2022-03-11T23:04:38Z	1029155272	51704	Q21103212	https://en.wikipedia.org/wiki/GPRC5B	1	39	2013	2021	3.857126111782146
1244	GLIS2	2605	2022-03-13T19:49:18Z	992039649	84662	Q21108504	https://en.wikipedia.org/wiki/GLIS2	1	32	2013	2021	3.8502001645187827
1247	ZNF644	2615	2022-03-11T23:26:42Z	1046196533	84146	Q21136773	https://en.wikipedia.org/wiki/ZNF644	1	45	2015	2022	3.8401632067741054
1253	SAMD9	2629	2022-03-11T23:05:32Z	1053247592	54809	Q21112292	https://en.wikipedia.org/wiki/SAMD9	1	50	2015	2021	3.8215847959571807
1260	PEN-2	2644	2022-03-11T22:58:41Z	1032169429	55851	Q21130783	https://en.wikipedia.org/wiki/PEN-2	1	94	2011	2021	3.8157196887832288
1257	EAF1	2636	2022-03-11T23:05:46Z	1040930157	85403	Q21116416	https://en.wikipedia.org/wiki/EAF1	1	36	2012	2021	3.806483849989161
1259	PROSC	2643	2022-03-11T23:07:39Z	1043960331	11212	Q21123781	https://en.wikipedia.org/wiki/PROSC	1	31	2015	2021	3.794650694557051
1270	NPR1	2663	2022-03-11T23:04:48Z	1072484999	4881	Q21105144	https://en.wikipedia.org/wiki/NPR1	1	95	2008	2021	3.7890919210342795
1272	FUT4	2671	2022-03-13T19:52:27Z	992434556	2526	Q21112430	https://en.wikipedia.org/wiki/FUT4	1	107	2013	2022	3.782130421992833
1268	DCTN4	2661	2022-03-11T23:35:43Z	1042838268	51164	Q21111850	https://en.wikipedia.org/wiki/DCTN4	1	56	2016	2021	3.777985719654265
1269	DCTN4	2661	2022-03-11T23:35:43Z	1042838268	51164	Q21139346	https://en.wikipedia.org/wiki/DCTN4	1	56	2016	2021	3.777985719654265
1277	XAB2	2682	2022-03-11T23:05:33Z	1046169448	56949	Q21105807	https://en.wikipedia.org/wiki/XAB2	1	92	2017	2021	3.7614179183977843
1278	DEFA3	2682	2022-03-11T23:22:36Z	1040768910	1668	Q21107111	https://en.wikipedia.org/wiki/DEFA3	1	69	2008	2018	3.7532036326834985
1283	SSFA2	2691	2022-03-11T23:05:33Z	1064089798	6744	Q21126459	https://en.wikipedia.org/wiki/SSFA2	1	57	2015	2021	3.7364478154695546
1281	KDM1B	2690	2022-03-11T23:43:20Z	1048109782	221656	Q21114815	https://en.wikipedia.org/wiki/KDM1B	1	48	2015	2022	3.734614976101965
1282	KDM1B	2690	2022-03-11T23:43:20Z	1048109782	221656	Q21139707	https://en.wikipedia.org/wiki/KDM1B	1	48	2015	2022	3.734614976101965
1284	LTN1	2694	2022-03-11T23:54:10Z	1075842120	26046	Q21118450	https://en.wikipedia.org/wiki/LTN1	1	60	2017	2021	3.7333810584367377
1285	ERLEC1	2694	2022-03-11T23:07:38Z	994825017	27248	Q21154231	https://en.wikipedia.org/wiki/ERLEC1	1	57	2015	2021	3.732309629865309
1286	WDR83	2696	2022-03-11T23:51:39Z	1046068021	84292	Q21119872	https://en.wikipedia.org/wiki/WDR83	1	40	2015	2022	3.723484527342094
1287	WDR83	2696	2022-03-11T23:51:39Z	1046068021	84292	Q21149773	https://en.wikipedia.org/wiki/WDR83	1	40	2015	2022	3.723484527342094
1288	AGR3	2697	2022-03-11T23:05:33Z	994679409	155465	Q21111266	https://en.wikipedia.org/wiki/AGR3	1	31	2012	2021	3.718894936172467
1290	SZT2	2708	2022-03-11T23:36:53Z	997455573	23334	Q21122169	https://en.wikipedia.org/wiki/SZT2	1	35	2015	2021	3.705262186115214
1295	LARP6	2714	2022-03-11T23:27:42Z	1032106754	55323	Q21119270	https://en.wikipedia.org/wiki/LARP6	1	33	2012	2022	3.6963840930624277
1297	MBOAT7	2730	2022-03-11T23:35:42Z	1048126008	79143	Q21141209	https://en.wikipedia.org/wiki/MBOAT7	1	84	2018	2021	3.6930036630036627
1296	MBOAT7	2730	2022-03-11T23:35:42Z	1048126008	79143	Q21118690	https://en.wikipedia.org/wiki/MBOAT7	1	84	2018	2021	3.6930036630036627
1348	Chondrocalcin	2828	2021-12-10T19:25:49Z	813792844	1280	Q48999357	https://en.wikipedia.org/wiki/Chondrocalcin	1	359	2008	2022	3.664282178217822
1307	FMNL2	2758	2022-03-11T23:07:37Z	995365488	114793	Q21101465	https://en.wikipedia.org/wiki/FMNL2	1	61	2015	2021	3.6476015228426393
1310	RAVER1	2761	2022-03-11T23:07:39Z	1044547722	125950	Q21126951	https://en.wikipedia.org/wiki/RAVER1	1	71	2015	2022	3.647233274693434
1309	MEMO1	2760	2022-03-11T23:37:30Z	1047015255	51072	Q28110424	https://en.wikipedia.org/wiki/MEMO1	1	41	2013	2021	3.6378312629399585
1315	Fibrocystin	2776	2022-03-13T19:36:18Z	1041218402	5314	Q905111	https://en.wikipedia.org/wiki/Fibrocystin	1	95	2011	2021	3.6362340469328944
1317	URG4	2779	2022-03-11T23:07:38Z	1045924033	55665	Q21136473	https://en.wikipedia.org/wiki/URG4	1	41	2015	2021	3.6130595537963295
1321	MPHOSPH8	2787	2022-03-11T23:07:38Z	1043230852	54737	Q21131357	https://en.wikipedia.org/wiki/MPHOSPH8	1	47	2015	2021	3.604873263621918
1322	MPHOSPH8	2787	2022-03-11T23:07:38Z	1043230852	54737	Q21143505	https://en.wikipedia.org/wiki/MPHOSPH8	1	47	2015	2021	3.604873263621918
1330	ITPKB	2799	2022-03-11T23:03:58Z	997469421	3707	Q15331777	https://en.wikipedia.org/wiki/ITPKB	1	41	2011	2022	3.5873473944776193
1331	GEMIN8	2799	2022-03-11T23:25:26Z	1041375320	54960	Q21108658	https://en.wikipedia.org/wiki/GEMIN8	1	31	2013	2021	3.5837759659061907
1332	GEMIN8	2799	2022-03-11T23:25:26Z	1041375320	54960	Q21117796	https://en.wikipedia.org/wiki/GEMIN8	1	31	2013	2021	3.5837759659061907
1335	ZNF364	2805	2022-03-11T23:07:38Z	1046195912	27246	Q21112144	https://en.wikipedia.org/wiki/ZNF364	1	49	2013	2021	3.5825623885918003
1334	STYXL1	2803	2022-03-11T23:07:38Z	1044841434	51657	Q21135934	https://en.wikipedia.org/wiki/STYXL1	1	31	2013	2021	3.5786775648539826
1343	ZNF598	2823	2022-03-11T23:54:10Z	1023493969	90850	Q21136753	https://en.wikipedia.org/wiki/ZNF598	1	60	2017	2021	3.563759425130307
1353	HSPA4L	2839	2022-03-11T23:05:33Z	997617391	22824	Q21118346	https://en.wikipedia.org/wiki/HSPA4L	1	90	2017	2022	3.55450988778745
1345	KCNT1	2824	2022-03-11T23:12:12Z	1039583830	57582	Q21118576	https://en.wikipedia.org/wiki/KCNT1	1	37	2014	2021	3.5542907729664104
1347	SOX30	2827	2022-03-11T23:39:23Z	951512681	11063	Q21100652	https://en.wikipedia.org/wiki/SOX30	1	35	2013	2020	3.549818712415989
1358	NOL7	2848	2022-03-11T23:07:38Z	1043638136	51406	Q21133327	https://en.wikipedia.org/wiki/NOL7	1	46	2012	2021	3.527664526484751
1365	SF3B5	2852	2022-03-11T23:07:39Z	1044804675	83443	Q21135506	https://en.wikipedia.org/wiki/SF3B5	1	59	2016	2021	3.5273827890202365
1366	ARL6IP1	2852	2022-03-11T23:07:38Z	997414384	23204	Q21106350	https://en.wikipedia.org/wiki/ARL6IP1	1	48	2014	2021	3.523454217591665
1362	NMD3	2850	2022-03-11T23:07:38Z	982951054	51068	Q21118869	https://en.wikipedia.org/wiki/NMD3	1	41	2015	2021	3.523414786967418
1363	NMD3	2850	2022-03-11T23:07:38Z	982951054	51068	Q21139923	https://en.wikipedia.org/wiki/NMD3	1	41	2015	2021	3.523414786967418
1357	TTBK1	2848	2022-03-11T23:50:44Z	1049831259	84630	Q21123501	https://en.wikipedia.org/wiki/TTBK1	1	32	2014	2021	3.522664526484751
1364	NREP	2851	2022-03-11T23:05:46Z	997178040	9315	Q21119803	https://en.wikipedia.org/wiki/NREP	1	36	2010	2020	3.5203983564664028
1378	ZNF318	2866	2022-03-11T23:05:32Z	1046195552	24149	Q21136850	https://en.wikipedia.org/wiki/ZNF318	1	50	2016	2022	3.5070406739108764
1384	C1GALT1	2871	2022-03-14T05:13:32Z	1077022613	56913	Q21116925	https://en.wikipedia.org/wiki/C1GALT1	1	67	2013	2021	3.5070355028113647
1381	INTS7	2868	2022-03-11T23:07:38Z	1042049522	25896	Q21151910	https://en.wikipedia.org/wiki/INTS7	1	46	2014	2021	3.5031789201036063
1380	INTS7	2868	2022-03-11T23:07:38Z	1042049522	25896	Q21133164	https://en.wikipedia.org/wiki/INTS7	1	46	2014	2021	3.5031789201036063
1394	SAFB2	2881	2022-03-11T23:05:33Z	1044791355	9667	Q21130768	https://en.wikipedia.org/wiki/SAFB2	1	87	2017	2021	3.5020884365547675
1391	DHX57	2878	2022-03-11T23:07:39Z	1040771973	90957	Q21139188	https://en.wikipedia.org/wiki/DHX57	1	66	2018	2021	3.4982065918792813
1390	DHX57	2878	2022-03-11T23:07:39Z	1040771973	90957	Q21137907	https://en.wikipedia.org/wiki/DHX57	1	66	2018	2021	3.4982065918792813
1389	DHX57	2878	2022-03-11T23:07:39Z	1040771973	90957	Q21102227	https://en.wikipedia.org/wiki/DHX57	1	66	2018	2021	3.4982065918792813
1386	SIX2	2873	2022-03-11T23:07:39Z	1044810979	10736	Q21125207	https://en.wikipedia.org/wiki/SIX2	1	46	2016	2021	3.497110785142459
1387	SIX2	2873	2022-03-11T23:07:39Z	1044810979	10736	Q21149939	https://en.wikipedia.org/wiki/SIX2	1	46	2016	2021	3.497110785142459
1397	GNL2	2888	2022-03-11T23:07:38Z	1041381063	29889	Q21119588	https://en.wikipedia.org/wiki/GNL2	1	89	2017	2022	3.4943895924020576
1398	GNL2	2888	2022-03-11T23:07:38Z	1041381063	29889	Q21150439	https://en.wikipedia.org/wiki/GNL2	1	89	2017	2022	3.4943895924020576
1388	SESN3	2877	2022-03-11T23:52:13Z	1044803645	143686	Q21125179	https://en.wikipedia.org/wiki/SESN3	1	33	2014	2021	3.4876286061870005
1400	TDRD3	2889	2022-03-11T23:07:39Z	1045647756	81550	Q21125329	https://en.wikipedia.org/wiki/TDRD3	1	60	2015	2022	3.4828339019927803
1402	PHLDB1	2890	2022-03-11T23:05:33Z	994675910	23187	Q21137180	https://en.wikipedia.org/wiki/PHLDB1	1	53	2014	2021	3.479136183885319
1401	PHLDB1	2890	2022-03-11T23:05:33Z	994675910	23187	Q21122520	https://en.wikipedia.org/wiki/PHLDB1	1	53	2014	2021	3.479136183885319
1416	NOB1	2906	2022-03-11T23:07:38Z	1043637165	28987	Q21124874	https://en.wikipedia.org/wiki/NOB1	1	93	2015	2021	3.474370514207059
1421	SCYL2	2912	2022-03-11T23:07:38Z	1044798242	55681	Q21118054	https://en.wikipedia.org/wiki/SCYL2	1	73	2016	2021	3.4601373626373624
1413	SESN1	2905	2022-03-11T23:23:12Z	1044803576	27244	Q21125185	https://en.wikipedia.org/wiki/SESN1	1	33	2013	2022	3.4541265060240964
1429	USP42	2921	2022-03-11T23:07:39Z	1045925987	84132	Q21123198	https://en.wikipedia.org/wiki/USP42	1	35	2014	2021	3.435985107839781
1444	TOX4	2943	2022-03-11T23:07:39Z	1045666340	9878	Q21132755	https://en.wikipedia.org/wiki/TOX4	1	60	2014	2021	3.419321877578758
1450	CNOT3	2953	2022-03-11T23:05:42Z	1040139575	4849	Q21141169	https://en.wikipedia.org/wiki/CNOT3	1	84	2015	2022	3.4163867253640365
1449	CNOT3	2953	2022-03-11T23:05:42Z	1040139575	4849	Q21109862	https://en.wikipedia.org/wiki/CNOT3	1	84	2015	2022	3.4163867253640365
1443	PLXDC2	2939	2022-03-11T23:07:39Z	1043941412	84898	Q21121191	https://en.wikipedia.org/wiki/PLXDC2	1	33	2014	2021	3.414303577504496
1447	TIE1	2950	2022-03-13T19:48:43Z	1058815404	7075	Q21118514	https://en.wikipedia.org/wiki/TIE1	1	60	2010	2022	3.4112590799031475
1446	SPDYA	2946	2022-03-11T23:05:33Z	994708867	245711	Q21135666	https://en.wikipedia.org/wiki/SPDYA	1	31	2012	2021	3.405504558238774
1454	NPRL2	2956	2022-03-11T23:07:37Z	994645439	10641	Q21121733	https://en.wikipedia.org/wiki/NPRL2	1	55	2015	2021	3.4025927894838586
1456	PAPPA2	2957	2022-03-11T23:07:39Z	1043909382	60676	Q21123726	https://en.wikipedia.org/wiki/PAPPA2	1	53	2014	2022	3.4007344557708103
1458	GSG2	2958	2022-03-11T23:07:39Z	1041391351	83903	Q21103328	https://en.wikipedia.org/wiki/GSG2	1	52	2015	2022	3.3992340384429633
1462	IFNA6	2967	2022-03-11T23:07:38Z	1042038524	3443	Q21204209	https://en.wikipedia.org/wiki/IFNA6	1	70	2004	2021	3.3954078193461408
1453	TMED1	2955	2022-03-11T23:07:39Z	1045659078	11018	Q21207976	https://en.wikipedia.org/wiki/TMED1	1	31	2016	2022	3.3951661832245588
1457	WNT9B	2957	2022-03-11T23:45:05Z	1032243200	7484	Q21135920	https://en.wikipedia.org/wiki/WNT9B	1	36	2013	2021	3.394663027199382
1470	RBM26	2977	2022-03-11T23:07:39Z	1044549519	64062	Q21109029	https://en.wikipedia.org/wiki/RBM26	1	57	2015	2021	3.3794434713757857
1477	HNRNPLL	2983	2022-03-11T23:37:54Z	1023336452	92906	Q21145417	https://en.wikipedia.org/wiki/HNRNPLL	1	57	2016	2021	3.3726870121162777
1476	HNRNPLL	2983	2022-03-11T23:37:54Z	1023336452	92906	Q21132903	https://en.wikipedia.org/wiki/HNRNPLL	1	57	2016	2021	3.3726870121162777
1472	SPC24	2979	2022-03-11T23:07:37Z	1044828931	147841	Q21141856	https://en.wikipedia.org/wiki/SPC24	1	42	2013	2021	3.371831151393085
1471	SPC24	2979	2022-03-11T23:07:37Z	1044828931	147841	Q21135667	https://en.wikipedia.org/wiki/SPC24	1	42	2013	2021	3.371831151393085
1482	KIAA0999	2987	2022-03-11T23:05:32Z	992095155	23387	Q21151184	https://en.wikipedia.org/wiki/KIAA0999	1	63	2014	2021	3.3703406427854032
1481	KIAA0999	2987	2022-03-11T23:05:32Z	992095155	23387	Q21109345	https://en.wikipedia.org/wiki/KIAA0999	1	63	2014	2021	3.3703406427854032
1473	COQ4	2981	2022-03-11T23:07:38Z	1040142252	51117	Q21111990	https://en.wikipedia.org/wiki/COQ4	1	31	2012	2021	3.3656504289068865
1500	GUCY2D	3008	2022-03-11T23:03:17Z	1041394350	3000	Q21119037	https://en.wikipedia.org/wiki/GUCY2D	1	97	2010	2021	3.35911094224924
1486	VARS2	2995	2022-03-11T23:54:50Z	1045953004	57176	Q21125292	https://en.wikipedia.org/wiki/VARS2	1	45	2017	2021	3.3549695921774387
1489	GLCCI1	3000	2022-03-11T23:07:37Z	1041377547	113263	Q21103139	https://en.wikipedia.org/wiki/GLCCI1	1	51	2015	2021	3.351547619047619
1490	GLCCI1	3000	2022-03-11T23:07:37Z	1041377547	113263	Q21149537	https://en.wikipedia.org/wiki/GLCCI1	1	51	2015	2021	3.351547619047619
1495	PNO1	3006	2022-03-11T23:07:39Z	1043942694	56902	Q21123302	https://en.wikipedia.org/wiki/PNO1	1	68	2018	2021	3.3509656876722747
1499	DDX52	3007	2022-03-11T23:07:37Z	1040768244	11056	Q21141390	https://en.wikipedia.org/wiki/DDX52	1	70	2017	2022	3.3505736614566013
1498	DDX52	3007	2022-03-11T23:07:37Z	1040768244	11056	Q21101090	https://en.wikipedia.org/wiki/DDX52	1	70	2017	2022	3.3505736614566013
1508	GET4	3016	2022-03-11T23:07:38Z	1041375412	51608	Q21132735	https://en.wikipedia.org/wiki/GET4	1	69	2014	2022	3.3402927245168623
1497	ALDH16A1	3006	2022-03-11T23:16:11Z	1039386072	126133	Q21115131	https://en.wikipedia.org/wiki/ALDH16A1	1	31	2015	2021	3.3377514019579886
1501	ZFP106	3008	2022-03-11T23:05:42Z	1046192905	64397	Q22680280	https://en.wikipedia.org/wiki/ZFP106	1	36	2016	2021	3.3373252279635257
1504	DENND1A	3013	2022-03-11T23:07:39Z	1040769663	57706	Q21115768	https://en.wikipedia.org/wiki/DENND1A	1	49	2013	2021	3.336451211417192
1518	HMGB3	3027	2022-03-11T23:05:32Z	991794009	3149	Q21133127	https://en.wikipedia.org/wiki/HMGB3	1	76	2016	2022	3.3307437821511163
1521	POF1B	3028	2022-03-11T23:05:46Z	1043943284	79983	Q21125934	https://en.wikipedia.org/wiki/POF1B	1	47	2015	2021	3.319295621815437
1519	MAK16	3027	2022-03-11T23:05:46Z	1043204578	84549	Q21107963	https://en.wikipedia.org/wiki/MAK16	1	41	2015	2021	3.318243782151116
1520	MAK16	3027	2022-03-11T23:05:46Z	1043204578	84549	Q21139300	https://en.wikipedia.org/wiki/MAK16	1	41	2015	2021	3.318243782151116
1545	UBL4A	3048	2022-03-16T00:49:42Z	1045916090	8266	Q21100588	https://en.wikipedia.org/wiki/UBL4A	1	94	2014	2021	3.314411323584552
1542	CEP131	3047	2022-03-11T23:05:33Z	1032256284	22994	Q21112024	https://en.wikipedia.org/wiki/CEP131	1	78	2015	2022	3.3097737821745046
1543	CEP131	3047	2022-03-11T23:05:33Z	1032256284	22994	Q21139166	https://en.wikipedia.org/wiki/CEP131	1	78	2015	2022	3.3097737821745046
1527	RFFL	3036	2022-03-11T23:07:39Z	1044555603	117584	Q21145020	https://en.wikipedia.org/wiki/RFFL	1	31	2010	2021	3.304879070205157
1526	RFFL	3036	2022-03-11T23:07:39Z	1044555603	117584	Q21123828	https://en.wikipedia.org/wiki/RFFL	1	31	2010	2021	3.304879070205157
1531	B3GNT1	3042	2022-03-11T23:07:39Z	1039887365	11041	Q21108246	https://en.wikipedia.org/wiki/B3GNT1	1	31	2013	2021	3.2983824081901005
1547	NOSIP	3051	2022-03-11T23:07:38Z	1073076062	51070	Q21149912	https://en.wikipedia.org/wiki/NOSIP	1	54	2016	2022	3.2968996113686377
1546	NOSIP	3051	2022-03-11T23:07:38Z	1073076062	51070	Q21109067	https://en.wikipedia.org/wiki/NOSIP	1	54	2016	2022	3.2968996113686377
1537	WDR24	3044	2022-03-11T23:07:39Z	1046067069	84219	Q21111576	https://en.wikipedia.org/wiki/WDR24	1	31	2015	2021	3.296222545522808
1549	S100A16	3053	2022-03-11T23:07:37Z	1044788862	140576	Q21124426	https://en.wikipedia.org/wiki/S100A16	1	52	2014	2021	3.2940381825838756
1551	MTMR14	3053	2022-03-11T23:14:05Z	1043240076	64419	Q21109502	https://en.wikipedia.org/wiki/MTMR14	1	38	2015	2021	3.2890381825838757
1552	MTMR14	3053	2022-03-11T23:14:05Z	1043240076	64419	Q21137420	https://en.wikipedia.org/wiki/MTMR14	1	38	2015	2021	3.2890381825838757
1568	OTUD7B	3072	2022-03-11T23:07:39Z	1043803565	56957	Q21112981	https://en.wikipedia.org/wiki/OTUD7B	1	76	2015	2022	3.2823511904761906
1564	ZNF687	3068	2022-03-11T23:07:39Z	1046196672	57592	Q21136759	https://en.wikipedia.org/wiki/ZNF687	1	51	2017	2022	3.2776666977090705
1565	CEP97	3069	2022-03-11T23:22:33Z	1032154082	79598	Q21114118	https://en.wikipedia.org/wiki/CEP97	1	50	2014	2021	3.2762474980216916
1566	CEP97	3069	2022-03-11T23:22:33Z	1032154082	79598	Q21147435	https://en.wikipedia.org/wiki/CEP97	1	50	2014	2021	3.2762474980216916
1567	SIPA1L2	3069	2022-03-11T23:07:39Z	1044810529	57568	Q21136067	https://en.wikipedia.org/wiki/SIPA1L2	1	48	2014	2021	3.275533212307406
1573	KIAA0157	3076	2022-03-11T23:07:38Z	1042813772	23172	Q21110229	https://en.wikipedia.org/wiki/KIAA0157	1	54	2015	2021	3.2702610068734903
1577	KIAA1949	3078	2022-03-11T23:07:37Z	1042815212	170954	Q21111806	https://en.wikipedia.org/wiki/KIAA1949	1	52	2015	2021	3.2674343265571335
1572	TUBGCP6	3076	2022-03-11T23:07:39Z	1045683489	85378	Q21110337	https://en.wikipedia.org/wiki/TUBGCP6	1	46	2013	2022	3.2674038640163476
1569	STX1B	3074	2022-03-11T23:07:39Z	993077099	112755	Q21123908	https://en.wikipedia.org/wiki/STX1B	1	33	2015	2021	3.2648761501998327
1575	GPAT4	3078	2022-03-11T23:57:16Z	1075476935	137964	Q21151407	https://en.wikipedia.org/wiki/GPAT4	1	39	2017	2021	3.2627914694142763
1576	GPAT4	3078	2022-03-11T23:57:16Z	1075476935	137964	Q21418748	https://en.wikipedia.org/wiki/GPAT4	1	39	2017	2021	3.2627914694142763
1579	WIPI1	3084	2022-03-11T23:25:48Z	1023304667	55062	Q21136604	https://en.wikipedia.org/wiki/WIPI1	1	31	2014	2021	3.253613581619418
1580	WIPI1	3084	2022-03-11T23:25:48Z	1023304667	55062	Q21143633	https://en.wikipedia.org/wiki/WIPI1	1	31	2014	2021	3.253613581619418
1587	MARVELD2	3093	2022-03-11T23:07:37Z	1043212604	153562	Q21120817	https://en.wikipedia.org/wiki/MARVELD2	1	57	2013	2021	3.253464158699367
1588	MARVELD2	3093	2022-03-11T23:07:37Z	1043212604	153562	Q21150918	https://en.wikipedia.org/wiki/MARVELD2	1	57	2013	2021	3.253464158699367
1583	KIAA1166	3090	2022-03-11T23:05:42Z	1042814676	55906	Q21135907	https://en.wikipedia.org/wiki/KIAA1166	1	42	2014	2021	3.251245954692557
1589	TM9SF2	3093	2022-03-11T23:05:46Z	1045658603	9375	Q21135089	https://en.wikipedia.org/wiki/TM9SF2	1	46	2016	2021	3.249535587270796
1581	EXPH5	3089	2022-03-11T23:07:38Z	997904515	23086	Q21115878	https://en.wikipedia.org/wiki/EXPH5	1	33	2014	2021	3.249079336817278
1582	EXPH5	3089	2022-03-11T23:07:38Z	997904515	23086	Q21151807	https://en.wikipedia.org/wiki/EXPH5	1	33	2014	2021	3.249079336817278
1586	LCORL	3093	2022-03-11T23:49:11Z	1023360763	254251	Q21108863	https://en.wikipedia.org/wiki/LCORL	1	39	2012	2021	3.247035587270796
1584	GPD1L	3091	2022-03-13T19:48:52Z	994596270	23171	Q21103204	https://en.wikipedia.org/wiki/GPD1L	1	33	2013	2021	3.2469846790220456
1592	PSD3	3095	2022-03-11T23:07:38Z	1062531335	23362	Q21126865	https://en.wikipedia.org/wiki/PSD3	1	33	2012	2022	3.2428034848834524
1593	PSD3	3095	2022-03-11T23:07:38Z	1062531335	23362	Q21150954	https://en.wikipedia.org/wiki/PSD3	1	33	2012	2022	3.2428034848834524
1600	USP52	3101	2022-03-11T23:05:33Z	995225038	9924	Q21122470	https://en.wikipedia.org/wiki/USP52	1	43	2012	2021	3.2401233473073203
1601	USP52	3101	2022-03-11T23:05:33Z	995225038	9924	Q21138247	https://en.wikipedia.org/wiki/USP52	1	43	2012	2021	3.2401233473073203
1594	LBX1	3097	2022-03-11T23:07:39Z	1042909288	10660	Q21116093	https://en.wikipedia.org/wiki/LBX1	1	31	2014	2021	3.2400026523363623
1596	ISG20	3099	2022-03-11T23:05:34Z	997485440	3669	Q21114780	https://en.wikipedia.org/wiki/ISG20	1	36	2012	2021	3.239704512976536
1597	ISG20	3099	2022-03-11T23:05:34Z	997485440	3669	Q21139372	https://en.wikipedia.org/wiki/ISG20	1	36	2012	2021	3.239704512976536
1598	FAM172A	3100	2022-03-11T23:07:39Z	1041167056	83989	Q21110262	https://en.wikipedia.org/wiki/FAM172A	1	36	2015	2021	3.238663594470046
1603	L1TD1	3103	2022-03-11T23:30:36Z	1042907549	54596	Q21120796	https://en.wikipedia.org/wiki/L1TD1	1	32	2015	2022	3.2341162929883525
1613	PRIM1	3119	2022-03-11T23:41:16Z	997625207	5557	Q21121154	https://en.wikipedia.org/wiki/PRIM1	1	62	2015	2021	3.228298676315669
1614	PRIM1	3119	2022-03-11T23:41:16Z	997625207	5557	Q21149848	https://en.wikipedia.org/wiki/PRIM1	1	62	2015	2021	3.228298676315669
1620	DNAJC13	3127	2022-03-11T23:07:38Z	1047042563	23317	Q21112223	https://en.wikipedia.org/wiki/DNAJC13	1	82	2015	2021	3.2272390241673903
1621	DNAJC13	3127	2022-03-11T23:07:38Z	1047042563	23317	Q21149100	https://en.wikipedia.org/wiki/DNAJC13	1	82	2015	2021	3.2272390241673903
1664	Citrin	3169	2022-03-15T12:38:42Z	992178582	10165	Q21111943	https://en.wikipedia.org/wiki/Citrin	1	198	2016	2022	3.2262838660235316
1610	N-acetylglucosamine-6-sulfatase	3114	2022-03-13T19:38:58Z	1024773598	2799	Q6951427	https://en.wikipedia.org/wiki/N-acetylglucosamine-6-sulfatase	1	38	2009	2021	3.2248752179099003
1609	N-acetylglucosamine-6-sulfatase	3114	2022-03-13T19:38:58Z	1024773598	2799	Q21137116	https://en.wikipedia.org/wiki/N-acetylglucosamine-6-sulfatase	1	38	2009	2021	3.2248752179099003
1611	PCGF5	3116	2022-03-11T23:05:46Z	1043915643	84333	Q21111396	https://en.wikipedia.org/wiki/PCGF5	1	40	2014	2022	3.223528333027691
1628	Properdin	3132	2022-03-11T22:50:12Z	1054048043	5199	Q22677535	https://en.wikipedia.org/wiki/Properdin	1	84	2009	2022	3.222848020434227
1612	RAB15	3118	2022-03-11T23:05:34Z	1044535157	376267	Q21126072	https://en.wikipedia.org/wiki/RAB15	1	42	2010	2021	3.222184092366902
1632	RRS1	3138	2022-03-11T23:07:38Z	1044577131	23212	Q21111542	https://en.wikipedia.org/wiki/RRS1	1	79	2018	2021	3.2149574342165166
1622	PDAP1	3128	2022-03-11T23:05:33Z	1043917899	11333	Q21108712	https://en.wikipedia.org/wiki/PDAP1	1	50	2015	2021	3.214788089148703
1636	MFAP1	3141	2022-03-16T01:57:04Z	1043220685	4236	Q21157785	https://en.wikipedia.org/wiki/MFAP1	1	86	2017	2022	3.2144137444853778
1625	SNF1LK	3129	2022-03-11T23:07:37Z	1075844900	150094	Q21131011	https://en.wikipedia.org/wiki/SNF1LK	1	49	2013	2022	3.2134092361776925
1624	RNF146	3129	2022-03-11T23:05:46Z	1044570542	81847	Q21112482	https://en.wikipedia.org/wiki/RNF146	1	48	2012	2021	3.2130520933205498
1619	RNF220	3125	2022-03-11T23:07:38Z	1044571054	55182	Q21123846	https://en.wikipedia.org/wiki/RNF220	1	35	2015	2021	3.2125000000000004
1638	ZNF281	3142	2022-03-11T23:05:00Z	1046195409	23528	Q21136873	https://en.wikipedia.org/wiki/ZNF281	1	78	2017	2022	3.2105433299990906
1623	NKX6-1	3128	2022-03-11T23:21:39Z	997459758	4825	Q21123097	https://en.wikipedia.org/wiki/NKX6-1	1	33	2014	2021	3.2087166605772746
1627	SYAP1	3131	2022-03-11T23:05:33Z	1032078627	94056	Q21135763	https://en.wikipedia.org/wiki/SYAP1	1	40	2015	2021	3.208153488159876
1635	CTA-126B4.3	3139	2022-03-11T23:07:38Z	1040156138	27341	Q21126179	https://en.wikipedia.org/wiki/CTA-126B4.3	1	47	2016	2021	3.2025136531197376
1634	ITPKC	3139	2022-03-13T19:46:59Z	907085959	80271	Q21157948	https://en.wikipedia.org/wiki/ITPKC	1	34	2012	2021	3.1978707959768804
1649	IPO11	3151	2022-03-11T23:05:42Z	1042049784	51194	Q21105600	https://en.wikipedia.org/wiki/IPO11	1	60	2015	2021	3.195024255338441
1650	IPO11	3151	2022-03-11T23:05:42Z	1042049784	51194	Q21138230	https://en.wikipedia.org/wiki/IPO11	1	60	2015	2021	3.195024255338441
1642	DNAH1	3143	2022-03-11T23:53:13Z	1040779370	25981	Q21138085	https://en.wikipedia.org/wiki/DNAH1	1	31	2015	2021	3.1927449888641424
1641	DNAH1	3143	2022-03-11T23:53:13Z	1040779370	25981	Q21114327	https://en.wikipedia.org/wiki/DNAH1	1	31	2015	2021	3.1927449888641424
1643	ZFYVE20	3148	2022-03-11T23:07:39Z	1046193561	64145	Q21139945	https://en.wikipedia.org/wiki/ZFYVE20	1	45	2012	2021	3.1926915048103104
1644	ZFYVE20	3148	2022-03-11T23:07:39Z	1046193561	64145	Q21245960	https://en.wikipedia.org/wiki/ZFYVE20	1	45	2012	2021	3.1926915048103104
1646	RASSF8	3150	2022-03-11T23:07:39Z	1044547605	11228	Q21151200	https://en.wikipedia.org/wiki/RASSF8	1	49	2015	2022	3.1921031746031745
1645	RASSF8	3150	2022-03-11T23:07:39Z	1044547605	11228	Q21120519	https://en.wikipedia.org/wiki/RASSF8	1	49	2015	2022	3.1921031746031745
1660	HERC5	3162	2022-03-11T23:07:38Z	994578435	51191	Q21120608	https://en.wikipedia.org/wiki/HERC5	1	76	2015	2021	3.1896982018613897
1659	FLVCR1	3160	2022-03-11T23:05:34Z	1032170503	28982	Q21101474	https://en.wikipedia.org/wiki/FLVCR1	1	58	2014	2021	3.1852712477396024
1657	HOOK2	3158	2022-03-11T23:26:36Z	994708038	29911	Q21149171	https://en.wikipedia.org/wiki/HOOK2	1	44	2014	2021	3.182275400343798
1656	HOOK2	3158	2022-03-11T23:26:36Z	994708038	29911	Q21115101	https://en.wikipedia.org/wiki/HOOK2	1	44	2014	2021	3.182275400343798
1687	RTRAF	3187	2022-03-11T23:07:38Z	1044578070	51637	Q21105697	https://en.wikipedia.org/wiki/RTRAF	1	121	2017	2021	3.1809613832982206
1708	Podocin	3202	2022-03-13T19:36:12Z	984461540	7827	Q22680259	https://en.wikipedia.org/wiki/Podocin	1	158	2009	2021	3.1794766663692338
1663	TRIM41	3168	2022-03-11T23:07:39Z	1045675246	90933	Q21116407	https://en.wikipedia.org/wiki/TRIM41	1	50	2015	2021	3.1744227994227994
1667	STX17	3174	2022-03-11T23:41:38Z	1032976626	55014	Q22683590	https://en.wikipedia.org/wiki/STX17	1	65	2018	2021	3.173812899450896
1666	STX17	3174	2022-03-11T23:41:38Z	1032976626	55014	Q21123907	https://en.wikipedia.org/wiki/STX17	1	65	2018	2021	3.173812899450896
1668	TUBGCP3	3174	2022-03-11T23:07:37Z	1045683417	10426	Q21110336	https://en.wikipedia.org/wiki/TUBGCP3	1	64	2013	2021	3.1734557565937527
1665	ZCCHC17	3170	2022-03-11T23:07:38Z	1046192473	51538	Q21113472	https://en.wikipedia.org/wiki/ZCCHC17	1	49	2014	2021	3.1720741324921136
1692	SFRS14	3191	2022-03-11T23:07:37Z	1044805037	10147	Q21135724	https://en.wikipedia.org/wiki/SFRS14	1	72	2017	2022	3.159528137171509
1679	HN1L	3183	2022-03-11T23:07:39Z	1041640266	90861	Q21119116	https://en.wikipedia.org/wiki/HN1L	1	48	2016	2022	3.158833086486244
1680	HN1L	3183	2022-03-11T23:07:39Z	1041640266	90861	Q21137227	https://en.wikipedia.org/wiki/HN1L	1	48	2016	2022	3.158833086486244
1681	HN1L	3183	2022-03-11T23:07:39Z	1041640266	90861	Q21140849	https://en.wikipedia.org/wiki/HN1L	1	48	2016	2022	3.158833086486244
1682	SEMA4C	3185	2022-03-11T23:05:42Z	997937102	54910	Q21118560	https://en.wikipedia.org/wiki/SEMA4C	1	53	2018	2021	3.1586459968602827
1683	SEMA4C	3185	2022-03-11T23:05:42Z	997937102	54910	Q21139010	https://en.wikipedia.org/wiki/SEMA4C	1	53	2018	2021	3.1586459968602827
1697	IFNA5	3195	2022-03-11T23:05:34Z	1042038493	3442	Q21111050	https://en.wikipedia.org/wiki/IFNA5	1	72	2004	2021	3.1556047395484015
1688	DCAF17	3189	2022-03-11T23:24:56Z	1040765190	80067	Q21101025	https://en.wikipedia.org/wiki/DCAF17	1	31	2011	2021	3.146850669712852
1689	DCAF17	3189	2022-03-11T23:24:56Z	1040765190	80067	Q21148841	https://en.wikipedia.org/wiki/DCAF17	1	31	2011	2021	3.146850669712852
1694	RNF25	3193	2022-03-11T23:07:39Z	1044571111	64320	Q21125084	https://en.wikipedia.org/wiki/RNF25	1	34	2011	2021	3.1439937810388794
1706	NCAPG2	3201	2022-03-11T23:05:42Z	1043623572	54892	Q21105667	https://en.wikipedia.org/wiki/NCAPG2	1	52	2016	2022	3.1425951711518723
1707	NCAPG2	3201	2022-03-11T23:05:42Z	1043623572	54892	Q21150557	https://en.wikipedia.org/wiki/NCAPG2	1	52	2016	2022	3.1425951711518723
